{
  "project_info": {
    "project_number": "51838541052",
    "firebase_url": "https://weatherapp-6110f.firebaseio.com",
    "project_id": "weatherapp-6110f",
    "storage_bucket": "weatherapp-6110f.appspot.com"
  },
  "client": [
    {
      "client_info": {
        "mobilesdk_app_id": "1:51838541052:android:d8cda351e01df9e8708b79",
        "android_client_info": {
          "package_name": "com.example.weatherapp"
        }
      },
      "oauth_client": [
        {
          "client_id": "51838541052-ou4h2qdt9su0e232lgrb2tsb9l3l3na1.apps.googleusercontent.com",
          "client_type": 1,
          "android_info": {
            "package_name": "com.example.weatherapp",
            "certificate_hash": "c265e0cdd60fe049ffedf0774f08d2f9d43b98f8"
          }
        },
        {
          "client_id": "51838541052-9l4aith1ltmlv2vq7n2t7pbmsesta6ms.apps.googleusercontent.com",
          "client_type": 3
        }
      ],
      "api_key": [
        {
          "current_key": "AIzaSyC3lk4KBYvFo0LKBWgTmfQxBC-OXpzySOo"
        }
      ],
      "services": {
        "appinvite_service": {
          "other_platform_oauth_client": [
            {
              "client_id": "51838541052-9l4aith1ltmlv2vq7n2t7pbmsesta6ms.apps.googleusercontent.com",
              "client_type": 3
            }
          ]
        }
      }
    }
  ],
  "configuration_version": "1"
}